{
  "Requisição POST para buscar voos" : {
    "transaction" : "Requisição POST para buscar voos",
    "sampleCount" : 118348,
    "errorCount" : 243,
    "errorPct" : 0.20532666,
    "meanResTime" : 568.7913695203966,
    "medianResTime" : 515.0,
    "minResTime" : 407.0,
    "maxResTime" : 40848.0,
    "pct1ResTime" : 672.0,
    "pct2ResTime" : 752.0,
    "pct3ResTime" : 1223.9900000000016,
    "throughput" : 36.19731801938141,
    "receivedKBytesPerSec" : 264.2266396710194,
    "sentKBytesPerSec" : 13.400412629827768
  },
  "Requisição GET para página inicial" : {
    "transaction" : "Requisição GET para página inicial",
    "sampleCount" : 118348,
    "errorCount" : 220,
    "errorPct" : 0.18589245,
    "meanResTime" : 553.445127927797,
    "medianResTime" : 496.0,
    "minResTime" : 398.0,
    "maxResTime" : 41011.0,
    "pct1ResTime" : 654.0,
    "pct2ResTime" : 734.0,
    "pct3ResTime" : 1198.9900000000016,
    "throughput" : 36.21551702770083,
    "receivedKBytesPerSec" : 175.98114868578065,
    "sentKBytesPerSec" : 8.20497408144605
  },
  "Requisição GET para página inicial-1" : {
    "transaction" : "Requisição GET para página inicial-1",
    "sampleCount" : 118345,
    "errorCount" : 1,
    "errorPct" : 8.449871E-4,
    "meanResTime" : 347.42026279098843,
    "medianResTime" : 301.0,
    "minResTime" : 232.0,
    "maxResTime" : 40637.0,
    "pct1ResTime" : 432.0,
    "pct2ResTime" : 483.0,
    "pct3ResTime" : 749.9800000000032,
    "throughput" : 36.21666036762917,
    "receivedKBytesPerSec" : 168.24438359598662,
    "sentKBytesPerSec" : 4.1026685572704915
  },
  "Requisição POST para buscar voos-0" : {
    "transaction" : "Requisição POST para buscar voos-0",
    "sampleCount" : 118344,
    "errorCount" : 0,
    "errorPct" : 0.0,
    "meanResTime" : 211.93515514094528,
    "medianResTime" : 185.0,
    "minResTime" : 158.0,
    "maxResTime" : 40398.0,
    "pct1ResTime" : 286.90000000000146,
    "pct2ResTime" : 308.0,
    "pct3ResTime" : 546.9400000000096,
    "throughput" : 36.19923896685468,
    "receivedKBytesPerSec" : 8.131657462820106,
    "sentKBytesPerSec" : 8.911736510243971
  },
  "Total" : {
    "transaction" : "Total",
    "sampleCount" : 710074,
    "errorCount" : 464,
    "errorPct" : 0.0653453,
    "meanResTime" : 373.75214836763996,
    "medianResTime" : 312.5,
    "minResTime" : 158.0,
    "maxResTime" : 41011.0,
    "pct1ResTime" : 573.0,
    "pct2ResTime" : 669.0,
    "pct3ResTime" : 1131.9900000000016,
    "throughput" : 217.17962614741472,
    "receivedKBytesPerSec" : 880.238217409954,
    "sentKBytesPerSec" : 43.20213701692509
  },
  "Requisição POST para buscar voos-1" : {
    "transaction" : "Requisição POST para buscar voos-1",
    "sampleCount" : 118344,
    "errorCount" : 0,
    "errorPct" : 0.0,
    "meanResTime" : 355.7171466234012,
    "medianResTime" : 310.0,
    "minResTime" : 241.0,
    "maxResTime" : 20771.0,
    "pct1ResTime" : 441.0,
    "pct2ResTime" : 490.0,
    "pct3ResTime" : 774.9900000000016,
    "throughput" : 36.19886249974765,
    "receivedKBytesPerSec" : 256.11499128896816,
    "sentKBytesPerSec" : 4.489507360808546
  },
  "Fluxo_Busca_TC" : {
    "transaction" : "Fluxo_Busca_TC",
    "sampleCount" : 118348,
    "errorCount" : 962,
    "errorPct" : 0.812857,
    "meanResTime" : 1122.2364974481923,
    "medianResTime" : 1044.0,
    "minResTime" : 817.0,
    "maxResTime" : 42096.0,
    "pct1ResTime" : 1257.0,
    "pct2ResTime" : 1495.9500000000007,
    "pct3ResTime" : 2164.880000000019,
    "throughput" : 36.1968530379873,
    "receivedKBytesPerSec" : 440.1137007150758,
    "sentKBytesPerSec" : 21.600986066461115
  },
  "Requisição GET para página inicial-0" : {
    "transaction" : "Requisição GET para página inicial-0",
    "sampleCount" : 118345,
    "errorCount" : 0,
    "errorPct" : 0.0,
    "meanResTime" : 205.1928091596581,
    "medianResTime" : 183.0,
    "minResTime" : 158.0,
    "maxResTime" : 40647.0,
    "pct1ResTime" : 270.0,
    "pct2ResTime" : 293.0,
    "pct3ResTime" : 532.9900000000016,
    "throughput" : 36.21771330640225,
    "receivedKBytesPerSec" : 7.7467966143920615,
    "sentKBytesPerSec" : 4.10278783549088
  }
}